url,good_ratings,bad_ratings
https://docs.confluent.io/current/,24,4
https://docs.confluent.io/current/cloud/faq.html,0,0
https://docs.confluent.io/current/installation/migrating.html,0,0
https://docs.confluent.io/current/monitor.html,0,0
https://docs.confluent.io/current/confluent-security-plugins/index.html,0,0
https://docs.confluent.io/current/clients/index.html,5,6
https://docs.confluent.io/current/installation/docker/docs/development.html,0,2
https://docs.confluent.io/current/streams/developer-guide/index.html,0,0
https://docs.confluent.io/current/connect/managing/confluent-hub/index.html,0,0
https://docs.confluent.io/current/ksql/docs/developer-guide/api.html,4,0
https://docs.confluent.io/current/kafka/authentication_ssl.html,0,1
https://docs.confluent.io/current/ksql/docs/installation/server-config/security.html,0,1
https://docs.confluent.io/current/tutorials/security_tutorial.html,3,1
https://docs.confluent.io/current/installation/installing_cp/index.html,1,2
https://docs.confluent.io/current/connect/devguide.html,5,3
https://docs.confluent.io/current/kafka/post-deployment.html,2,0
https://docs.confluent.io/current/connect/security.html,0,1
https://docs.confluent.io/current/kafka/metrics-reporter.html,3,3
https://docs.confluent.io/current/cloud/vpc.html,1,0
https://docs.confluent.io/current/installation/configuration/index.html,0,0
https://docs.confluent.io/current/api-javadoc.html,0,1
https://docs.confluent.io/current/kafka/encryption.html,0,1
https://docs.confluent.io/current/kafka/incremental-security-upgrade.html,0,1
https://docs.confluent.io/current/installation/system-requirements.html,4,0
https://docs.confluent.io/current/connect/references/javadocs.html,0,0
https://docs.confluent.io/current/proactive-support.html,0,1
https://docs.confluent.io/current/kafka/rebalancer/rebalancer.html,0,0
https://docs.confluent.io/current/kafka/security_prefixes.html,0,0
https://docs.confluent.io/current/multi-dc-replicator/index.html,2,1
https://docs.confluent.io/current/installation/available_packages.html,0,0
https://docs.confluent.io/current/getting-started.html,6,8
https://docs.confluent.io/current/schema-registry/docs/api.html,8,2
https://docs.confluent.io/current/cli/index.html,9,2
https://docs.confluent.io/current/kafka/operations.html,0,0
https://docs.confluent.io/current/installation/docker/docs/image-reference.html,5,7
https://docs.confluent.io/current/ksql/docs/operations.html,0,0
https://docs.confluent.io/current/control-center/index.html,0,1
https://docs.confluent.io/current/streams/monitoring.html,1,0
https://docs.confluent.io/current/installation/docker/docs/security.html,0,0
https://docs.confluent.io/current/avro.html,20,0
https://docs.confluent.io/current/kafka-mqtt/kafka-mqtt/docs/index.html,0,0
https://docs.confluent.io/current/connect/index.html,15,4
https://docs.confluent.io/current/installation/upgrade.html,0,0
https://docs.confluent.io/current/zookeeper/operations.html,2,0
https://docs.confluent.io/current/build-applications.html,0,0
https://docs.confluent.io/current/streams-ksql.html,1,0
https://docs.confluent.io/current/ksql/docs/developer-guide/index.html,1,0
https://docs.confluent.io/current/connect/managing/index.html,4,1
https://docs.confluent.io/current/quickstart/index.html,9,1
https://docs.confluent.io/current/streams/javadocs.html,0,0
https://docs.confluent.io/current/schema-registry/docs/index.html,10,11
https://docs.confluent.io/current/installation/index.html,1,7
https://docs.confluent.io/current/quickstart/cloud-quickstart.html,5,0
https://docs.confluent.io/current/cloud/using/index.html,0,2
https://docs.confluent.io/current/cloud/index.html,0,0
https://docs.confluent.io/current/resources.html,0,0
https://docs.confluent.io/current/cloud/limits.html,1,0
https://docs.confluent.io/current/streams/developer-guide/security.html,4,0
https://docs.confluent.io/current/tutorials/index.html,1,0
https://docs.confluent.io/current/streams/operations.html,0,0
https://docs.confluent.io/current/administer.html,0,0
https://docs.confluent.io/current/kafka-rest/docs/api.html,1,0
https://docs.confluent.io/current/kafka-rest/docs/index.html,2,9
https://docs.confluent.io/current/installation/docker/docs/operations/logging.html,3,2
https://docs.confluent.io/current/connect/references/restapi.html,8,0
https://docs.confluent.io/current/kafka/authorization.html,12,6
https://docs.confluent.io/current/schema-management.html,5,1
https://docs.confluent.io/current/cloud/connect/index.html,0,0
https://docs.confluent.io/current/tutorials/cp-demo/docs/index.html,1,0
https://docs.confluent.io/current/release-notes.html,0,0
https://docs.confluent.io/current/installation/scripted-install.html,0,1
https://docs.confluent.io/current/streams/index.html,7,7
https://docs.confluent.io/current/installation/versions-interoperability.html,1,0
https://docs.confluent.io/current/installation/migrating-kafka.html,0,1
https://docs.confluent.io/current/control-center/security.html,0,0
https://docs.confluent.io/current/connect.html,5,0
https://docs.confluent.io/current/app-development/index.html,0,0
https://docs.confluent.io/current/security.html,2,0
https://docs.confluent.io/current/kafka/authentication_sasl/index.html,3,11
https://docs.confluent.io/current/clients/apidocs.html,2,0
https://docs.confluent.io/current/ksql/docs/index.html,5,9
https://docs.confluent.io/current/platform.html,15,2
https://docs.confluent.io/current/_images/cloud-add-user.png,0,0
https://docs.confluent.io/current/app-development/kafkacat-usage.html,8,0
https://docs.confluent.io/current/cloud/connect/connect-cloud-config.html,1,0
https://docs.confluent.io/current/_images/cloud-add-user-email.png,0,0
https://docs.confluent.io/current/index.html,24,4
https://docs.confluent.io/current/control-center/security/ssl.html,0,0
https://docs.confluent.io/current/control-center/installation/upgrade.html,0,0
https://docs.confluent.io/current/control-center/installation/configuration.html,1,0
https://docs.confluent.io/current/control-center/installation/clients.html,1,0
https://docs.confluent.io/current/control-center/monitoring.html,0,0
https://docs.confluent.io/current/cloud/connect/c3-cloud-config.html,0,0
https://docs.confluent.io/current/control-center/installation/troubleshooting.html,0,0
https://docs.confluent.io/current/control-center/topics/index.html,0,0
https://docs.confluent.io/current/control-center/userguide.html,1,1
https://docs.confluent.io/current/control-center/clusters.html,0,0
https://docs.confluent.io/current/control-center/security/sasl.html,0,0
https://docs.confluent.io/current/control-center/installation/system-requirements.html,2,2
https://docs.confluent.io/current/control-center/systemhealth.html,0,0
https://docs.confluent.io/current/control-center/installation/installing-control-center.html,1,6
https://docs.confluent.io/current/control-center/security/authentication.html,1,1
https://docs.confluent.io/current/control-center/changelog.html,0,0
https://docs.confluent.io/current/control-center/installation/install-apache-kafka.html,0,1
https://docs.confluent.io/current/control-center/installation/index.html,1,1
https://docs.confluent.io/current/control-center/connect.html,15,4
https://docs.confluent.io/current/control-center/alerts.html,0,0
https://docs.confluent.io/current/confluent-security-plugins/schema-registry/quickstart.html,0,0
https://docs.confluent.io/current/confluent-security-plugins/kafka/configuration.html,0,0
https://docs.confluent.io/current/confluent-security-plugins/kafka-rest/principal_propagation.html,0,0
https://docs.confluent.io/current/confluent-security-plugins/kafka/quickstart.html,0,0
https://docs.confluent.io/current/confluent-security-plugins/schema-registry/introduction.html,0,0
https://docs.confluent.io/current/confluent-security-plugins/schema-registry/authorization.html,0,0
https://docs.confluent.io/current/confluent-security-plugins/kafka/introduction.html,1,0
https://docs.confluent.io/current/confluent-security-plugins/kafka-rest/quickstart.html,0,0
https://docs.confluent.io/current/confluent-security-plugins/kafka-rest/introduction.html,0,0
https://docs.confluent.io/current/clients/install.html,1,0
https://docs.confluent.io/current/cloud/connect/connect-clients-cloud-config.html,0,1
https://docs.confluent.io/current/cli/command-reference/confluent-unload.html,0,0
https://docs.confluent.io/current/clients/consumer.html,11,1
https://docs.confluent.io/current/clients/kafka-jms-client/docs/index.html,0,0
https://docs.confluent.io/current/clients/producer.html,4,4
https://docs.confluent.io/current/connect/managing/confluent-hub/client.html,0,3
https://docs.confluent.io/current/installation/docker/docs/operations/external-volumes.html,0,0
https://docs.confluent.io/current/streams/quickstart.html,9,6
https://docs.confluent.io/current/streams/developer-guide/config-streams.html,4,3
https://docs.confluent.io/current/streams/developer-guide/write-streams.html,4,1
https://docs.confluent.io/current/streams/developer-guide/processor-api.html,6,0
https://docs.confluent.io/current/streams/architecture.html,9,0
https://docs.confluent.io/current/streams/concepts.html,21,1
https://docs.confluent.io/current/cloud/connect/streams-cloud-config.html,0,0
https://docs.confluent.io/current/streams/code-examples.html,2,0
https://docs.confluent.io/current/streams/developer-guide/dsl-api.html,4,3
https://docs.confluent.io/current/streams/upgrade-guide.html,0,0
https://docs.confluent.io/current/streams/developer-guide/app-reset-tool.html,4,4
https://docs.confluent.io/current/streams/faq.html,2,1
https://docs.confluent.io/current/streams/developer-guide/running-app.html,1,0
https://docs.confluent.io/current/streams/developer-guide/test-streams.html,2,0
https://docs.confluent.io/current/streams/introduction.html,7,2
https://docs.confluent.io/current/streams/developer-guide/interactive-queries.html,1,1
https://docs.confluent.io/current/streams/developer-guide/manage-topics.html,0,4
https://docs.confluent.io/current/streams/developer-guide/memory-mgmt.html,5,7
https://docs.confluent.io/current/streams/developer-guide/datatypes.html,4,0
https://docs.confluent.io/current/streams/kafka-streams-examples/docs/index.html,3,6
https://docs.confluent.io/current/connect/managing/preview_connectors.html,0,4
https://docs.confluent.io/current/connect/managing/confluent-hub/component-archive.html,0,0
https://docs.confluent.io/current/connect/managing/confluent-hub/command-reference/index.html,0,0
https://docs.confluent.io/current/connect/managing/configuring.html,1,5
https://docs.confluent.io/current/connect/managing/upgrade.html,2,1
https://docs.confluent.io/current/connect/managing/connectors.html,1,0
https://docs.confluent.io/current/connect/managing/confluent-hub/contributing.html,0,0
https://docs.confluent.io/current/connect/managing/monitoring.html,4,0
https://docs.confluent.io/current/connect/managing/community.html,0,1
https://docs.confluent.io/current/ksql/docs/developer-guide/join-streams-and-tables.html,0,0
https://docs.confluent.io/current/ksql/docs/quickstart.html,1,1
https://docs.confluent.io/current/ksql/docs/developer-guide/partition-data.html,1,0
https://docs.confluent.io/current/ksql/docs/capacity-planning.html,0,0
https://docs.confluent.io/current/ksql/docs/tutorials/index.html,6,3
https://docs.confluent.io/current/ksql/docs/installation/cli-config.html,0,5
https://docs.confluent.io/current/ksql/docs/developer-guide/create-a-stream.html,0,1
https://docs.confluent.io/current/ksql/docs/troubleshoot-ksql.html,0,0
https://docs.confluent.io/current/ksql/docs/faq.html,3,0
https://docs.confluent.io/current/ksql/docs/installation/index.html,0,0
https://docs.confluent.io/current/ksql/docs/developer-guide/syntax-reference.html,8,0
https://docs.confluent.io/current/ksql/docs/installation/server-config/config-reference.html,3,4
https://docs.confluent.io/current/ksql/docs/developer-guide/create-a-table.html,0,0
https://docs.confluent.io/current/ksql/docs/changelog.html,0,0
https://docs.confluent.io/current/ksql/docs/developer-guide/udf.html,0,0
https://docs.confluent.io/current/clients/javadocs/org/apache/kafka/common/config/SaslConfigs.html,0,0
https://docs.confluent.io/current/clients/javadocs/org/apache/kafka/common/config/SslConfigs.html,0,0
https://docs.confluent.io/current/schema-registry/docs/config.html,0,0
https://docs.confluent.io/current/kafka-rest/docs/config.html,0,0
https://docs.confluent.io/current/schema-registry/docs/security.html,0,1
https://docs.confluent.io/current/ksql/docs/installation/server-config/index.html,4,10
https://docs.confluent.io/current/ksql/docs/installation/installing.html,1,2
https://docs.confluent.io/current/cloud/connect/ksql-cloud-config.html,0,1
https://docs.confluent.io/current/kafka/authentication_sasl/authentication_sasl_gssapi.html,2,1
https://docs.confluent.io/current/kafka/authentication_sasl/authentication_sasl_scram.html,3,1
https://docs.confluent.io/current/tutorials/cp-ansible/docs/index.html,0,0
https://docs.confluent.io/current/installation/docker/docs/installation/single-node-client.html,7,0
https://docs.confluent.io/current/installation/installing_cp/cp-helm-charts/docs/index.html,8,2
https://docs.confluent.io/current/installation/installing_cp/dev-cli.html,3,18
https://docs.confluent.io/current/installation/docker/docs/installation/index.html,1,12
https://docs.confluent.io/current/installation/installing_cp/deb-ubuntu.html,3,0
https://docs.confluent.io/current/installation/installing_cp/rhel-centos.html,4,0
https://docs.confluent.io/current/installation/installing_cp/zip-tar.html,4,1
https://docs.confluent.io/current/connect/faq.html,1,4
https://docs.confluent.io/current/connect/javadocs/index.html,0,0
https://docs.confluent.io/current/connect/design.html,6,2
https://docs.confluent.io/current/connect/userguide.html,9,36
https://docs.confluent.io/current/connect/transforms/index.html,2,23
https://docs.confluent.io/current/clients/javadocs/index.html,0,0
https://docs.confluent.io/current/connect/references/index.html,1,0
https://docs.confluent.io/current/connect/quickstart.html,2,14
https://docs.confluent.io/current/connect/concepts.html,23,2
https://docs.confluent.io/current/kafka/deployment.html,21,6
https://docs.confluent.io/current/kafka/monitoring.html,12,1
https://docs.confluent.io/current/connect/transforms/valuetokey.html,0,3
https://docs.confluent.io/current/connect/references/allconfigs.html,1,1
https://docs.confluent.io/current/kafka/authentication_sasl/authentication_sasl_plain.html,0,2
https://docs.confluent.io/current/zookeeper/deployment.html,14,2
https://docs.confluent.io/current/cloud/connect/transfer-to-cloud.html,0,0
https://docs.confluent.io/current/installation/docker/docs/config-reference.html,2,0
https://docs.confluent.io/current/installation/configuration/producer-configs.html,1,0
https://docs.confluent.io/current/installation/configuration/topic-configs.html,3,0
https://docs.confluent.io/current/installation/configuration/broker-configs.html,0,0
https://docs.confluent.io/current/kafka/rebalancer/configuration_options.html,0,0
https://docs.confluent.io/current/installation/docker/docs/index.html,4,2
https://docs.confluent.io/current/multi-dc-replicator/replicator-install.html,0,0
https://docs.confluent.io/current/multi-dc-replicator/replicator-tuning.html,0,0
https://docs.confluent.io/current/multi-dc-replicator/mirrormaker.html,2,0
https://docs.confluent.io/current/multi-dc-replicator/replicator-executable.html,0,0
https://docs.confluent.io/current/multi-dc-replicator/replicator-quickstart.html,0,0
https://docs.confluent.io/current/multi-dc-replicator/replicator-failover.html,4,0
https://docs.confluent.io/current/kafka-rest/docs/changelog.html,0,0
https://docs.confluent.io/current/connect/kafka-connect-hdfs/index.html,1,0
https://docs.confluent.io/current/connect/kafka-connect-replicator/index.html,1,0
https://docs.confluent.io/current/installation/github.com/confluentinc/confluent-kafka-go,0,0
https://docs.confluent.io/current/connect/kafka-connect-s3/index.html,4,0
https://docs.confluent.io/current/connect/kafka-connect-jdbc/index.html,0,0
https://docs.confluent.io/current/schema-registry/docs/operations.html,0,0
https://docs.confluent.io/current/cloud/connect/schema-reg-cloud-config.html,0,0
https://docs.confluent.io/current/schema-registry/docs/serializer-formatter.html,4,0
https://docs.confluent.io/current/schema-registry/docs/changelog.html,0,0
https://docs.confluent.io/current/schema-registry/docs/monitoring.html,0,0
https://docs.confluent.io/current/schema-registry/docs/installation.html,0,15
https://docs.confluent.io/current/schema-registry/docs/using.html,6,7
https://docs.confluent.io/current/schema-registry/docs/schema_registry_tutorial.html,1,0
https://docs.confluent.io/current/schema-registry/docs/maven-plugin.html,3,2
https://docs.confluent.io/current/schema-registry/docs/multidc.html,2,0
https://docs.confluent.io/current/schema-registry/docs/connect.html,2,0
https://docs.confluent.io/current/schema-registry/docs/schema-deletion-guidelines.html,4,1
https://docs.confluent.io/current/cli/command-reference/index.html,0,0
https://docs.confluent.io/current/cli/installing.html,1,22
https://docs.confluent.io/current/ksql/docs/installation/upgrading.html,0,0
https://docs.confluent.io/current/_images/kafka_example_CC.png,0,0
https://docs.confluent.io/current/_images/kafka_example.png,0,0
https://docs.confluent.io/current/streams/sizing.html,5,0
https://docs.confluent.io/current/confluent-security-plugins/schema-registry/topicacl_authorizer.html,0,0
https://docs.confluent.io/current/kafka-mqtt/kafka-mqtt/docs/changelog.html,0,0
https://docs.confluent.io/current/kafka-mqtt/kafka-mqtt/docs/intro.html,7,2
https://docs.confluent.io/current/kafka-mqtt/kafka-mqtt/docs/configuration_options.html,2,0
https://docs.confluent.io/current/ksql/docs/tutorials/examples.html,10,11
https://docs.confluent.io/current/quickstart/cos-quickstart.html,11,6
https://docs.confluent.io/current/quickstart/ce-docker-quickstart.html,4,5
https://docs.confluent.io/current/quickstart/cos-docker-quickstart.html,7,0
https://docs.confluent.io/current/quickstart/ce-quickstart.html,6,6
https://docs.confluent.io/current/streams/javadocs/index.html,0,0
https://docs.confluent.io/current/cloud/using/config-client.html,0,0
https://docs.confluent.io/current/cloud/using/monitor-lag.html,1,0
https://docs.confluent.io/current/cloud/using/debugging.html,1,0
https://docs.confluent.io/current/ksql/docs/tutorials/basics-local.html,2,3
https://docs.confluent.io/current/tutorials/control_center,0,0
https://docs.confluent.io/current/cli/command-reference/confluent-demo.html,0,3
https://docs.confluent.io/current/tutorials/event_driven_apps_tutorial.html,0,0
https://docs.confluent.io/current/tutorials/examples/ccloud/docs/index.html,1,0
https://docs.confluent.io/current/ksql/docs/installation/server-config/avro-schema.html,0,0
https://docs.confluent.io/current/kafka-rest/docs/operations.html,0,0
https://docs.confluent.io/current/kafka-rest/docs/quickstart.html,1,0
https://docs.confluent.io/current/cloud/connect/connect-kafka-rest-config.html,1,0
https://docs.confluent.io/current/kafka-rest/docs/security.html,2,0
https://docs.confluent.io/current/kafka-rest/docs/deployment.html,5,0
https://docs.confluent.io/current/kafka/authentication_sasl_plain.html,0,0
https://docs.confluent.io/current/tutorials/cp-demo/docs/scripts/app/throttle_consumer.sh,0,0
https://docs.confluent.io/current/control-center/docs/systemhealth.html,0,0
https://docs.confluent.io/current/control-center/docs/monitoring.html,0,0
https://docs.confluent.io/current/control-center/docs/alerts.html,0,0
https://docs.confluent.io/current/control-center/docs/connect.html,0,0
https://docs.confluent.io/current/control-center/docs/topics.html,0,0
https://docs.confluent.io/current/control-center/docs/installation/configuration.html,0,0
https://docs.confluent.io/5.0.0/confluent-security-plugins/docs/kafka/introduction.html,0,0
https://docs.confluent.io/current/connect/kafka-connect-activemq/index.html,0,0
https://docs.confluent.io/current/connect/kafka-connect-cassandra/index.html,0,0
https://docs.confluent.io/current/connect/kafka-connect-elasticsearch/index.html,1,0
https://docs.confluent.io/current/connect/kafka-connect-jms/index.html,0,0
https://docs.confluent.io/current/connect/kafka-connect-gcs/index.html,0,1
https://docs.confluent.io/current/connect/kafka-connect-ibmmq/index.html,0,0
https://docs.confluent.io/current/kafka/authentication_sasl/authentication_sasl_oauth.html,0,7
https://docs.confluent.io/current/clients/librdkafka/index.html,0,0
https://docs.confluent.io/current/clients/confluent-kafka-go/index.html,0,0
https://docs.confluent.io/current/clients/confluent-kafka-python/index.html,0,0
https://docs.confluent.io/current/clients/confluent-kafka-dotnet/api/Confluent.Kafka.html,0,0
https://docs.confluent.io/current/_images/ksql-architecture-and-components.png,0,0
https://docs.confluent.io/current/_images/datepicker.png,0,0
https://docs.confluent.io/current/_images/c3oldmessagelatency.png,0,0
https://docs.confluent.io/current/_images/c3viewdetails.png,0,0
https://docs.confluent.io/current/_images/c3popupmenu.png,0,0
https://docs.confluent.io/current/_images/consumerlagoverview.png,0,0
https://docs.confluent.io/current/_images/c3summarystats.png,0,0
https://docs.confluent.io/current/_images/consumerlag.png,0,0
https://docs.confluent.io/current/_images/consumerlagdetails.png,0,0
https://docs.confluent.io/current/_images/c3consumptiondiff.png,0,0
https://docs.confluent.io/current/_images/c3submenu.png,0,0
https://docs.confluent.io/current/_images/c3consumergroupstart.png,0,0
https://docs.confluent.io/current/_images/errorcloseup.png,0,0
https://docs.confluent.io/current/_images/c3deliverylatency.png,0,0
https://docs.confluent.io/current/_images/consumerlagview.png,0,0
https://docs.confluent.io/current/_images/topic_filtering.png,0,0
https://docs.confluent.io/current/control-center/topics/edit.html,0,0
https://docs.confluent.io/current/_images/management_cluster_dropdown.png,0,0
https://docs.confluent.io/current/control-center/topics/schema.html,0,0
https://docs.confluent.io/current/control-center/topics/detail.html,0,0
https://docs.confluent.io/current/control-center/topics/create.html,0,0
https://docs.confluent.io/current/_images/topic_index.png,0,0
https://docs.confluent.io/current/_images/topic_sorting.png,0,0
https://docs.confluent.io/current/_images/topic_internal.png,0,0
https://docs.confluent.io/current/_images/c3overview.png,0,0
https://docs.confluent.io/current/_images/c3clusterbrokerdownload.png,0,0
https://docs.confluent.io/current/_images/c3clusteredit.png,0,0
https://docs.confluent.io/current/_images/c3clustermanagement.png,0,0
https://docs.confluent.io/current/_images/c3clusterbrokerdetail.png,0,0
https://docs.confluent.io/current/_images/c3clusterstartedit.png,0,0
https://docs.confluent.io/current/_images/c3clusterbroker.png,0,0
https://docs.confluent.io/current/_images/brokers-produced-fetched-charts.png,0,0
https://docs.confluent.io/current/_images/brokers-produced-fetched-charts-percentile.gif,0,0
https://docs.confluent.io/current/_images/topics-menu-open.gif,0,0
https://docs.confluent.io/current/_images/table-view-selector.gif,0,0
https://docs.confluent.io/current/_images/topics-table-menu-open.gif,0,0
https://docs.confluent.io/current/_images/main-nav.png,0,0
https://docs.confluent.io/current/_images/kafka_cluster_2.png,0,0
https://docs.confluent.io/current/_images/kafka_cluster_1.png,0,0
https://docs.confluent.io/current/_images/c3kafkaconnectempty.png,0,0
https://docs.confluent.io/current/_images/c3newfilesource.png,0,0
https://docs.confluent.io/current/_images/c3newfilesource2.png,0,0
https://docs.confluent.io/current/_images/c3sinkexample.png,0,0
https://docs.confluent.io/current/_images/c3kafkaconnect1source.png,0,0
https://docs.confluent.io/current/_images/c3alertsitem.png,0,0
https://docs.confluent.io/current/_images/c3alertsintegration.png,0,0
https://docs.confluent.io/current/_images/c3alertssubmenus.png,0,0
https://docs.confluent.io/current/_images/c3alertseditaction.png,0,0
https://docs.confluent.io/current/_images/c3alertsactionsoverview.png,0,0
https://docs.confluent.io/current/_images/c3clusterdowntrigger.png,0,0
https://docs.confluent.io/current/_images/c3alertstriggersoverview.png,0,0
https://docs.confluent.io/current/_images/c3alertshistory.png,0,0
https://docs.confluent.io/current/confluent-security-plugins/schema-registry/sracl_authorizer.html,0,0
https://docs.confluent.io/current/clients/kafka_clients,0,0
https://docs.confluent.io/current/clients/kafka-jms-client/docs/installation.html,0,0
https://docs.confluent.io/current/clients/kafka-jms-client/docs/dev-guide.html,0,0
https://docs.confluent.io/current/cli/command-reference/confluent-start.html,0,4
https://docs.confluent.io/current/cli/command-reference/confluent-help.html,0,0
https://docs.confluent.io/current/cli/command-reference/confluent-list.html,0,0
https://docs.confluent.io/current/cli/command-reference/confluent-top.html,0,0
https://docs.confluent.io/current/cli/command-reference/confluent-destroy.html,0,0
https://docs.confluent.io/current/cli/command-reference/confluent-load.html,0,0
https://docs.confluent.io/current/cli/command-reference/confluent-log.html,0,1
https://docs.confluent.io/current/cli/command-reference/confluent-acl.html,0,0
https://docs.confluent.io/current/cli/command-reference/confluent-status.html,0,0
https://docs.confluent.io/current/cli/command-reference/confluent-produce.html,0,0
https://docs.confluent.io/current/cli/command-reference/confluent-consume.html,0,0
https://docs.confluent.io/current/cli/command-reference/confluent-current.html,0,0
https://docs.confluent.io/current/cli/command-reference/confluent-config.html,0,0
https://docs.confluent.io/current/cli/command-reference/confluent-stop.html,0,0
https://docs.confluent.io/current/streams/javadocs/org/apache/kafka/streams/state/Stores.html,0,0
https://docs.confluent.io/current/_images/streams-architecture-states.jpg,0,0
https://docs.confluent.io/current/_images/streams-architecture-threads.jpg,0,0
https://docs.confluent.io/current/_images/streams-architecture-example-01.png,0,0
https://docs.confluent.io/current/_images/streams-record-cache.png,0,0
https://docs.confluent.io/current/_images/streams-architecture-topology.jpg,0,0
https://docs.confluent.io/current/_images/streams-architecture-example-02.png,0,0
https://docs.confluent.io/current/_images/streams-architecture-tasks.jpg,0,0
https://docs.confluent.io/current/_images/streams-table-duality-01.jpg,0,0
https://docs.confluent.io/current/_images/streams-concepts-topology.jpg,0,0
https://docs.confluent.io/current/_images/scale-out-streams-app.png,0,0
https://docs.confluent.io/current/_images/streams-table-duality-03.jpg,0,0
https://docs.confluent.io/current/_images/streams-apps-not-running-in-brokers.png,0,0
https://docs.confluent.io/current/_images/streams-interactive-queries-01.png,0,0
https://docs.confluent.io/current/_images/streams-interactive-queries-02.png,0,0
https://docs.confluent.io/current/_images/streams-table-duality-02.jpg,0,0
https://docs.confluent.io/current/streams/javadocs/org/apache/kafka/streams/kstream/KTable.html,0,0
https://docs.confluent.io/current/streams/javadocs/org/apache/kafka/streams/StreamsBuilder.html,0,0
https://docs.confluent.io/current/streams/javadocs/org/apache/kafka/streams/kstream/KStream.html,0,0
https://docs.confluent.io/current/_images/streams-stateful_operations.png,0,0
https://docs.confluent.io/current/streams/javadocs/org/apache/kafka/streams/kstream/SessionWindowedKStream.html,0,0
https://docs.confluent.io/current/streams/javadocs/org/apache/kafka/streams/kstream/TimeWindowedKStream.html,0,0
https://docs.confluent.io/current/_images/streams-session-windows-02.png,0,0
https://docs.confluent.io/current/_images/streams-session-windows-01.png,0,0
https://docs.confluent.io/current/_images/streams-time-windows-tumbling.png,0,0
https://docs.confluent.io/current/streams/javadocs/org/apache/kafka/streams/kstream/ValueJoiner.html,0,0
https://docs.confluent.io/current/streams/javadocs/org/apache/kafka/streams/kstream/KGroupedTable.html,0,0
https://docs.confluent.io/current/streams/javadocs/org/apache/kafka/streams/kstream/KGroupedStream.html,0,0
https://docs.confluent.io/current/_images/streams-time-windows-hopping.png,0,0
https://docs.confluent.io/current/streams/developer-guide/streams_developer-guide_dsl_scala_implicit_serdes,0,0
https://docs.confluent.io/current/_images/streams-elastic-scaling-1.png,0,0
https://docs.confluent.io/current/_images/streams-elastic-scaling-2.png,0,0
https://docs.confluent.io/current/_images/streams-elastic-scaling-3.png,0,0
https://docs.confluent.io/current/_images/streams-introduction-your-app.png,0,0
https://docs.confluent.io/current/_images/streams-interactive-queries-api-01.png,0,0
https://docs.confluent.io/current/streams/javadocs/org/apache/kafka/streams/state/StreamsMetadata.html,0,0
https://docs.confluent.io/current/_images/streams-interactive-queries-03.png,0,0
https://docs.confluent.io/current/_images/streams-interactive-queries-api-02.png,0,0
https://docs.confluent.io/current/_images/streams-cache-and-commit-interval.png,0,0
https://docs.confluent.io/current/connect/kafka-connect-mqtt/index.html,0,6
https://docs.confluent.io/current/connect/filestream_connector.html,2,10
https://docs.confluent.io/current/connect/kafka-connect-influxdb/index.html,0,0
https://docs.confluent.io/current/connect/kafka-connect-salesforce/index.html,0,0
https://docs.confluent.io/current/connect/kafka-connect-kinesis/index.html,0,1
https://docs.confluent.io/current/connect/kafka-connect-maprdb/index.html,0,0
https://docs.confluent.io/current/connect/kafka-connect-cdc-mssql/index.html,3,17
https://docs.confluent.io/current/connect/kafka-connect-rabbitmq/index.html,1,2
https://docs.confluent.io/current/connect/managing/confluent-hub/kafka-connect-maven-plugin/kafka-connect-mojo.html,0,0
https://docs.confluent.io/current/connect/managing/confluent-hub/command-reference/confluent-hub-install.html,0,2
https://docs.confluent.io/current/connect/managing/confluent-hub/command-reference/confluent-hub-help.html,0,0
https://docs.confluent.io/current/connect/kafka-connect-salesforce/salesforce_source_connector_config.html,0,0
https://docs.confluent.io/current/ksql/docs/tutorials/basics-docker.html,0,1
https://docs.confluent.io/current/ksql/docs/tutorials/clickstream-docker.html,4,0
https://docs.confluent.io/current/ksql/docs/tutorials/generate-custom-test-data.html,1,0
https://docs.confluent.io/current/kafka/authentication_sasl_gssapi.html,0,0
https://docs.confluent.io/current/installation/docker/docs/installation/automatic-data-balancing.html,0,0
https://docs.confluent.io/current/installation/docker/docs/installation/connect-avro-jdbc.html,3,9
https://docs.confluent.io/current/_images/c3-quickstart-alerts-history.png,0,0
https://docs.confluent.io/current/_images/c3-quickstart-init.png,0,0
https://docs.confluent.io/current/_images/c3-quickstart-new-trigger-form.png,0,0
https://docs.confluent.io/current/_images/c3-quickstart-connect-view-src.png,0,0
https://docs.confluent.io/current/installation/docker/docs/installation/replicator.html,0,0
https://docs.confluent.io/current/_images/c3-quickstart-monitoring-data.png,0,0
https://docs.confluent.io/current/installation/docker/docs/installation/clustered-deployment-ssl.html,0,1
https://docs.confluent.io/current/installation/docker/docs/installation/clustered-deployment-sasl.html,0,3
https://docs.confluent.io/current/_images/c3-quickstart-connect-view-sink.png,0,0
https://docs.confluent.io/current/_images/c3-quickstart-new-action-form.png,0,0
https://docs.confluent.io/current/_images/c3-quickstart-connect-monitoring.png,0,0
https://docs.confluent.io/current/installation/docker/docs/installation/clustered-deployment.html,4,1
https://docs.confluent.io/current/installation/installing_cp/cp-helm-charts/docs/grafana-dashboard,0,0
https://docs.confluent.io/current/installation/installing_cp/cp-helm-charts/docs/values.yaml,0,0
https://docs.confluent.io/current/installation/docker/docs/installation/operations/external-volumes.html,0,0
https://docs.confluent.io/current/installation/docker/docs/installation/development.html,0,0
https://docs.confluent.io/current/connect/transforms/timestamprouter.html,0,0
https://docs.confluent.io/current/connect/transforms/maskfield.html,0,0
https://docs.confluent.io/current/connect/transforms/setschemametadata.html,0,0
https://docs.confluent.io/current/connect/transforms/flatten.html,0,8
https://docs.confluent.io/current/connect/transforms/regexrouter.html,0,1
https://docs.confluent.io/current/connect/transforms/insertfield.html,0,5
https://docs.confluent.io/current/connect/transforms/extractfield.html,1,11
https://docs.confluent.io/current/connect/transforms/timestampconverter.html,0,0
https://docs.confluent.io/current/connect/transforms/cast.html,0,0
https://docs.confluent.io/current/connect/transforms/hoistfield.html,0,3
https://docs.confluent.io/current/connect/transforms/replacefield.html,0,0
https://docs.confluent.io/current/installation/docker/docs/operations/index.html,0,0
https://docs.confluent.io/current/connect/kafka-connect-replicator/configuration_options.html,0,0
https://docs.confluent.io/current/connect/kafka-connect-hdfs/configuration_options.html,0,1
https://docs.confluent.io/current/connect/kafka-connect-hdfs/changelog.html,0,0
https://docs.confluent.io/current/connect/kafka-connect-jdbc/changelog.html,0,0
https://docs.confluent.io/current/connect/kafka-connect-replicator/changelog.html,0,0
https://docs.confluent.io/current/connect/kafka-connect-elasticsearch/changelog.html,0,0
https://docs.confluent.io/current/connect/kafka-connect-s3/configuration_options.html,0,0
https://docs.confluent.io/current/connect/kafka-connect-s3/changelog.html,0,0
https://docs.confluent.io/connect-hdfs/docs/hdfs_connector.html,0,0
https://docs.confluent.io/current/connect/kafka-connect-jdbc/source-connector/index.html,3,4
https://docs.confluent.io/current/connect/kafka-connect-jdbc/sink-connector/index.html,2,1
https://docs.confluent.io/current/schema-registry/docs/deployment.html,2,0
https://docs.confluent.io/current/_images/connect-configure-users.png,0,0
https://docs.confluent.io/current/_images/ksql-interface-query-property.png,0,0
https://docs.confluent.io/current/_images/connect-class-name-pageviews.png,0,0
https://docs.confluent.io/current/_images/connect-review-pageviews.png,0,0
https://docs.confluent.io/current/_images/c3-ksql-create-stream-users.png,0,0
https://docs.confluent.io/current/_images/connect-page-new-source.png,0,0
https://docs.confluent.io/current/_images/c3-monitor-ksql.png,0,0
https://docs.confluent.io/current/_images/c3-ksql-create-table-users.png,0,0
https://docs.confluent.io/current/_images/c3-create-topic-name.png,0,0
https://docs.confluent.io/current/_images/ksql-interface-monitor-cnsmgp.png,0,0
https://docs.confluent.io/current/_images/connect-page-new-source-2.png,0,0
https://docs.confluent.io/current/_images/ksql-interface-create-stream.png,0,0
https://docs.confluent.io/current/_images/c3-ksql-persistent-query.png,0,0
https://docs.confluent.io/current/_images/connect-review-users.png,0,0
https://docs.confluent.io/current/_images/ksql-interface-monitor-pgvw-f.png,0,0
https://docs.confluent.io/current/_images/c3-landing-page.png,0,0
https://docs.confluent.io/current/_images/c3-create-topic.png,0,0
https://docs.confluent.io/current/_images/connect-class-name-users.png,0,0
https://docs.confluent.io/current/_images/c3-ksql-create-stream-pageview.png,0,0
https://docs.confluent.io/current/_images/c3-ksql-create-stream-pageview-2.png,0,0
https://docs.confluent.io/current/_images/connect-page-gui.png,0,0
https://docs.confluent.io/current/_images/connect-configure-pageviews.png,0,0
https://docs.confluent.io/current/_images/c3-create-topic-name-2.png,0,0
https://docs.confluent.io/current/multi-dc/index.html,0,0
https://docs.confluent.io/current/cloud-quickstart.html,0,0
https://docs.confluent.io/current/kafka-rest/docs/monitoring.html,0,0
https://docs.confluent.io/current/_images/cloud-client-config.png,0,0
https://docs.confluent.io/current/connect/kafka-connect-activemq/source_connector_config.html,0,0
https://docs.confluent.io/current/connect/kafka-connect-activemq/changelog.html,0,0
https://docs.confluent.io/current/connect/kafka-connect-activemq/examples.html,0,0
https://docs.confluent.io/current/connect/kafka-connect-ibmmq/changelog.html,0,0
https://docs.confluent.io/current/connect/kafka-connect-cassandra/cassandra_sink_connector_config.html,0,0
https://docs.confluent.io/current/connect/kafka-connect-gcs/configuration_options.html,0,0
https://docs.confluent.io/current/connect/kafka-connect-elasticsearch/configuration_options.html,0,0
https://docs.confluent.io/current/connect/kafka-connect-jms/changelog.html,0,0
https://docs.confluent.io/current/connect/kafka-connect-jms/examples.html,0,1
https://docs.confluent.io/current/connect/kafka-connect-jms/source_connector_config.html,0,0
https://docs.confluent.io/current/connect/kafka-connect-ibmmq/examples.html,0,0
https://docs.confluent.io/current/connect/kafka-connect-ibmmq/source_connector_config.html,0,0
https://docs.confluent.io/current/_images/topic_edit_expert.png,0,0
https://docs.confluent.io/current/_images/topic_edit.png,0,0
https://docs.confluent.io/current/_images/topic_settings.png,0,0
https://docs.confluent.io/current/_images/topic_navbar.png,0,0
https://docs.confluent.io/current/_images/topic_index_schema.png,0,0
https://docs.confluent.io/current/_images/topic_index_schema-details.png,0,0
https://docs.confluent.io/current/_images/topic_detail.png,0,0
https://docs.confluent.io/current/_images/inspect-detail.png,0,0
https://docs.confluent.io/current/_images/topic_customize.png,0,0
https://docs.confluent.io/current/_images/topic_create_basic.png,0,0
https://docs.confluent.io/current/connect/kafka-connect-maprdb/map_r_d_b_sink_connector_example.html,0,0
https://docs.confluent.io/current/connect/kafka-connect-mqtt/mqtt-source-connector/index.html,0,11
https://docs.confluent.io/current/connect/kafka-connect-mqtt/mqtt-sink-connector/index.html,0,0
https://docs.confluent.io/current/connect/kafka-connect-influxdb/influx-db-sink-connector/index.html,0,6
https://docs.confluent.io/current/connect/kafka-connect-influxdb/influx-db-source-connector/index.html,0,0
https://docs.confluent.io/current/connect/kafka-connect-cdc-mssql/ms_sql_source_connector_config.html,0,0
https://docs.confluent.io/current/connect/kafka-connect-rabbitmq/rabbit_m_q_source_connector_example.html,0,0
https://docs.confluent.io/current/connect/kafka-connect-influxdb/influx-db-source-connector/influx_d_b_source_connector_config.html,0,0
https://docs.confluent.io/current/connect/kafka-connect-kinesis/kinesis_source_connector_config.html,0,0
https://docs.confluent.io/current/connect/kafka-connect-maprdb/map_r_d_b_sink_connector_config.html,0,0
https://docs.confluent.io/current/connect/kafka-connect-rabbitmq/rabbit_m_q_source_connector_config.html,0,0
https://docs.confluent.io/current/connect/kafka-connect-mqtt/mqtt-sink-connector/mqtt_sink_connector_example.html,0,0
https://docs.confluent.io/current/ksql/docs/tutorials/README.md,0,0
https://docs.confluent.io/current/installation/docker/docs/operations/monitoring.html,0,0
https://docs.confluent.io/current/connect/kafka-connect-jdbc/sink-connector/sink_config_options.html,5,9
https://docs.confluent.io/current/connect/kafka-connect-jdbc/source-connector/source_config_options.html,3,6
https://docs.confluent.io/current/connect/kafka-connect-mqtt/mqtt-source-connector/mqtt_source_connector_example.html,0,0
https://docs.confluent.io/current/connect/kafka-connect-mqtt/mqtt-source-connector/mqtt_source_connector_config.html,0,3
https://docs.confluent.io/current/connect/kafka-connect-mqtt/mqtt-sink-connector/mqtt_sink_connector_config.html,0,0
https://docs.confluent.io/current/connect/kafka-connect-influxdb/influx-db-sink-connector/influx_d_b_sink_connector_config.html,0,0
